{
  "courseId": 100,
  "contents": [
    {
      "id": 2,
      "name": "Quiz 1",
      "contentorder": 2,
      "type": 1,
      "questions": [
        {
          "setnumber": 0,
          "descripton": "Question 1",
          "answers": [
            {
              "description": "Answer 1",
              "iscorrect": 0
            },
            {
              "description": "Answer 2",
              "iscorrect": 1
            },
            {
              "description": "Answer 3",
              "iscorrect": 0
            }
          ]
        },
        {
          "setnumber": 0,
          "descripton": "Question 2",
          "answers": [
            {
              "description": "Answer 1",
              "iscorrect": 0
            },
            {
              "description": "Answer 2",
              "iscorrect": 1
            }
          ]
        },
        {
          "setnumber": 1,
          "descripton": "Question 1",
          "answers": [
            {
              "description": "Answer 1",
              "iscorrect": 0
            },
            {
              "description": "Answer 2",
              "iscorrect": 1
            }
          ]
        },
        {
          "setnumber": 1,
          "descripton": "Question 2",
          "answers": [
            {
              "description": "Answer 1",
              "iscorrect": 0
            },
            {
              "description": "Answer 2",
              "iscorrect": 1
            }
          ]
        }
      ]
    },
    {
      "name": "Lesson 2",
      "contentorder": 3,
      "type": 0,
      "filename": "lesson2.htm"
    }
  ]
}