{
  "courseId": 1,
  "contents": [
    {
      "name": "Lesson 1",
      "contentorder": 1,
      "type": 0,
      "filename": "lesson1.htm",
      "attachments": [
        {
          "name": "attachment 1",
          "filename": "attach.pdf"
        },
        {
          "name": "attachment 2",
          "filename": "music.mp3"
        }
      ]
    },
    {
      "id": 2,
      "name": "Quiz 1",
      "contentorder": 2,
      "type": 1,
      "set": [
        {
          "score": 30,
          "questions": [
            {
              "descripton": "Question 1",
              "answers": [
                {
                  "description": "Answer 1",
                  "iscorrect": 0
                },
                {
                  "description": "Answer 2",
                  "iscorrect": 1
                },
                {
                  "description": "Answer 3",
                  "iscorrect": 0
                }
              ]
            },
            {
              "descripton": "Question 2",
              "answers": [
                {
                  "description": "Answer 1",
                  "iscorrect": 0
                },
                {
                  "description": "Answer 2",
                  "iscorrect": 1
                }
              ]
            }
          ]
        },
        {
          "score": 50,
          "questions": [
            {
              "descripton": "Question 1",
              "answers": [
                {
                  "description": "Answer 1",
                  "iscorrect": 0
                },
                {
                  "description": "Answer 2",
                  "iscorrect": 1
                }
              ]
            },
            {
              "descripton": "Question 2",
              "answers": [
                {
                  "description": "Answer 1",
                  "iscorrect": 0
                },
                {
                  "description": "Answer 2",
                  "iscorrect": 1
                }
              ]
            }
          ]
        }
      ]
    },
    {
      "name": "Lesson 2",
      "contentorder": 3,
      "type": 0,
      "filename": "lesson2.htm",
      "attachments": [
        
      ]
    }
  ]
}